INSERT INTO User (idUser, name, nameDiscriminator, passwordHash, passwordSalt, Email) VALUES ('1', 'Nova', '8640', 'inventore voluptates ipsa', 'vel', 'Isac_Swift36@yahoo.com');
INSERT INTO User (idUser, name, nameDiscriminator, passwordHash, passwordSalt, Email) VALUES ('2', 'Henry', '1154', 'iste in quos', 'earum', 'Kip_Nicolas16@gmail.com');
INSERT INTO User (idUser, name, nameDiscriminator, passwordHash, passwordSalt, Email) VALUES ('3', 'Nova', '6904', 'cupiditate delectus quaerat', 'exercitationem', 'General79@yahoo.com');
INSERT INTO User (idUser, name, nameDiscriminator, passwordHash, passwordSalt, Email) VALUES ('4', 'Fannie', '6706', 'voluptatibus ullam voluptatem', 'doloribus', 'Craig.Farrell25@hotmail.com');
INSERT INTO User (idUser, name, nameDiscriminator, passwordHash, passwordSalt, Email) VALUES ('5', 'Fiona', '5298', 'reiciendis unde aperiam', 'tempora', 'Tevin.Prohaska@hotmail.com');
INSERT INTO User (idUser, name, nameDiscriminator, passwordHash, passwordSalt, Email) VALUES ('6', 'Carlotta', '3002', 'voluptatem adipisci officia', 'consequuntur', 'Francis72@yahoo.com');
INSERT INTO User (idUser, name, nameDiscriminator, passwordHash, passwordSalt, Email) VALUES ('7', 'Emilia', '7318', 'tempora sequi dolorem', 'veniam', 'Rosanna71@gmail.com');
INSERT INTO User (idUser, name, nameDiscriminator, passwordHash, passwordSalt, Email) VALUES ('8', 'Concepcion', '2708', 'animi incidunt maxime', 'porro', 'Monte53@gmail.com');
INSERT INTO User (idUser, name, nameDiscriminator, passwordHash, passwordSalt, Email) VALUES ('9', 'Fanny', '9165', 'excepturi quos natus', 'eveniet', 'Leonardo.Kunze@yahoo.com');
INSERT INTO User (idUser, name, nameDiscriminator, passwordHash, passwordSalt, Email) VALUES ('10', 'Kolby', '6654', 'deserunt vitae quos', 'esse', 'Daphney_Wyman16@yahoo.com');
INSERT INTO User (idUser, name, nameDiscriminator, passwordHash, passwordSalt, Email) VALUES ('11', 'Oceane', '7138', 'voluptas odit odio', 'cumque', 'Austyn62@yahoo.com');
INSERT INTO User (idUser, name, nameDiscriminator, passwordHash, passwordSalt, Email) VALUES ('12', 'Tom', '9762', 'necessitatibus asperiores quas', 'animi', 'Lora_Kuvalis55@gmail.com');
INSERT INTO User (idUser, name, nameDiscriminator, passwordHash, passwordSalt, Email) VALUES ('13', 'Rahsaan', '9674', 'dolores a nesciunt', 'debitis', 'Jadyn.Connelly@hotmail.com');
INSERT INTO User (idUser, name, nameDiscriminator, passwordHash, passwordSalt, Email) VALUES ('14', 'Marisa', '2139', 'repellendus mollitia modi', 'et', 'Jedediah61@hotmail.com');
INSERT INTO User (idUser, name, nameDiscriminator, passwordHash, passwordSalt, Email) VALUES ('15', 'Cathrine', '8832', 'ad possimus in', 'eius', 'Rosalinda43@yahoo.com');
INSERT INTO User (idUser, name, nameDiscriminator, passwordHash, passwordSalt, Email) VALUES ('16', 'Nakia', '3530', 'corrupti minus a', 'a', 'Kristopher33@gmail.com');
INSERT INTO User (idUser, name, nameDiscriminator, passwordHash, passwordSalt, Email) VALUES ('17', 'Quentin', '7127', 'laborum ab voluptas', 'numquam', 'Kaelyn13@yahoo.com');
INSERT INTO User (idUser, name, nameDiscriminator, passwordHash, passwordSalt, Email) VALUES ('18', 'Mina', '2099', 'in deserunt rem', 'repellendus', 'Zula10@hotmail.com');
INSERT INTO User (idUser, name, nameDiscriminator, passwordHash, passwordSalt, Email) VALUES ('19', 'Laurence', '4101', 'et veritatis sint', 'cumque', 'Catalina.Schimmel61@hotmail.com');
INSERT INTO User (idUser, name, nameDiscriminator, passwordHash, passwordSalt, Email) VALUES ('20', 'Tyshawn', '7073', 'consectetur sapiente iure', 'corrupti', 'Heath66@gmail.com');
INSERT INTO User (idUser, name, nameDiscriminator, passwordHash, passwordSalt, Email) VALUES ('21', 'Zackary', '6809', 'reprehenderit tempore et', 'rerum', 'Clemens94@yahoo.com');
INSERT INTO User (idUser, name, nameDiscriminator, passwordHash, passwordSalt, Email) VALUES ('22', 'Isaias', '3620', 'incidunt suscipit nihil', 'cupiditate', 'Mario71@gmail.com');
INSERT INTO User (idUser, name, nameDiscriminator, passwordHash, passwordSalt, Email) VALUES ('23', 'Green', '4382', 'reprehenderit dolore perspiciatis', 'omnis', 'Viola51@hotmail.com');
INSERT INTO User (idUser, name, nameDiscriminator, passwordHash, passwordSalt, Email) VALUES ('24', 'Caroline', '4228', 'cum recusandae autem', 'labore', 'Brooks74@yahoo.com');
INSERT INTO User (idUser, name, nameDiscriminator, passwordHash, passwordSalt, Email) VALUES ('25', 'Celia', '3836', 'sapiente delectus quibusdam', 'temporibus', 'Deion71@yahoo.com');
INSERT INTO User (idUser, name, nameDiscriminator, passwordHash, passwordSalt, Email) VALUES ('26', 'Delpha', '6129', 'id deserunt distinctio', 'odit', 'Anahi_Stiedemann45@hotmail.com');
INSERT INTO User (idUser, name, nameDiscriminator, passwordHash, passwordSalt, Email) VALUES ('27', 'Tina', '3322', 'fugiat qui nisi', 'minus', 'Daphne_Purdy25@gmail.com');
INSERT INTO User (idUser, name, nameDiscriminator, passwordHash, passwordSalt, Email) VALUES ('28', 'Johnson', '1063', 'voluptatibus autem quam', 'perspiciatis', 'Molly_Towne@yahoo.com');
INSERT INTO User (idUser, name, nameDiscriminator, passwordHash, passwordSalt, Email) VALUES ('29', 'Jaylon', '7733', 'impedit adipisci dignissimos', 'veniam', 'Claudia.Dickinson56@hotmail.com');
INSERT INTO User (idUser, name, nameDiscriminator, passwordHash, passwordSalt, Email) VALUES ('30', 'Edwin', '3538', 'suscipit molestiae praesentium', 'esse', 'Benedict.Yost@gmail.com');
INSERT INTO User (idUser, name, nameDiscriminator, passwordHash, passwordSalt, Email) VALUES ('31', 'Raina', '8807', 'vel quae eligendi', 'enim', 'Jaycee92@gmail.com');
INSERT INTO User (idUser, name, nameDiscriminator, passwordHash, passwordSalt, Email) VALUES ('32', 'Eloisa', '7705', 'nesciunt ut beatae', 'dignissimos', 'Shemar.Stiedemann@gmail.com');
INSERT INTO User (idUser, name, nameDiscriminator, passwordHash, passwordSalt, Email) VALUES ('33', 'Princess', '3890', 'qui praesentium possimus', 'delectus', 'Viola_Collins63@gmail.com');
INSERT INTO User (idUser, name, nameDiscriminator, passwordHash, passwordSalt, Email) VALUES ('34', 'Maymie', '7825', 'temporibus neque accusamus', 'aut', 'Gerardo48@yahoo.com');
INSERT INTO User (idUser, name, nameDiscriminator, passwordHash, passwordSalt, Email) VALUES ('35', 'Lydia', '8697', 'enim ullam vel', 'modi', 'Adolfo_Hessel@yahoo.com');
INSERT INTO User (idUser, name, nameDiscriminator, passwordHash, passwordSalt, Email) VALUES ('36', 'Ashlynn', '2245', 'nisi commodi tempore', 'et', 'Jayme.Hyatt@hotmail.com');
INSERT INTO User (idUser, name, nameDiscriminator, passwordHash, passwordSalt, Email) VALUES ('37', 'Dashawn', '7036', 'sed fuga quisquam', 'molestias', 'Roselyn.McGlynn@yahoo.com');
INSERT INTO User (idUser, name, nameDiscriminator, passwordHash, passwordSalt, Email) VALUES ('38', 'Virgil', '2557', 'dolore ea illo', 'asperiores', 'Lyda.Donnelly66@yahoo.com');
INSERT INTO User (idUser, name, nameDiscriminator, passwordHash, passwordSalt, Email) VALUES ('39', 'Matt', '1334', 'nobis nisi repudiandae', 'soluta', 'Hailie64@yahoo.com');
INSERT INTO User (idUser, name, nameDiscriminator, passwordHash, passwordSalt, Email) VALUES ('40', 'Christina', '9457', 'suscipit animi ab', 'quo', 'Eleazar82@yahoo.com');
INSERT INTO User (idUser, name, nameDiscriminator, passwordHash, passwordSalt, Email) VALUES ('41', 'Lou', '8030', 'rem quisquam et', 'harum', 'Enos73@gmail.com');
INSERT INTO User (idUser, name, nameDiscriminator, passwordHash, passwordSalt, Email) VALUES ('42', 'Palma', '3696', 'qui esse laudantium', 'adipisci', 'Chelsey.Crooks6@gmail.com');
INSERT INTO User (idUser, name, nameDiscriminator, passwordHash, passwordSalt, Email) VALUES ('43', 'Sydnee', '5334', 'sapiente fugit facere', 'rerum', 'Jayde_Leffler35@gmail.com');
INSERT INTO User (idUser, name, nameDiscriminator, passwordHash, passwordSalt, Email) VALUES ('44', 'Ayden', '9539', 'dolore consequuntur dolorem', 'sint', 'Ashleigh80@hotmail.com');
INSERT INTO User (idUser, name, nameDiscriminator, passwordHash, passwordSalt, Email) VALUES ('45', 'Nicole', '7521', 'nesciunt quam perferendis', 'et', 'Cielo.Gutkowski@yahoo.com');
INSERT INTO User (idUser, name, nameDiscriminator, passwordHash, passwordSalt, Email) VALUES ('46', 'Malcolm', '7822', 'omnis aspernatur aspernatur', 'animi', 'Arlo12@hotmail.com');
INSERT INTO User (idUser, name, nameDiscriminator, passwordHash, passwordSalt, Email) VALUES ('47', 'Alexandrea', '2972', 'assumenda fugit sunt', 'harum', 'Kobe_Abbott@yahoo.com');
INSERT INTO User (idUser, name, nameDiscriminator, passwordHash, passwordSalt, Email) VALUES ('48', 'Joe', '7074', 'animi ipsa aperiam', 'totam', 'Judah_Doyle18@yahoo.com');
INSERT INTO User (idUser, name, nameDiscriminator, passwordHash, passwordSalt, Email) VALUES ('49', 'Krystel', '2592', 'magnam nisi recusandae', 'tempore', 'Hazel59@yahoo.com');
INSERT INTO User (idUser, name, nameDiscriminator, passwordHash, passwordSalt, Email) VALUES ('50', 'Alda', '4823', 'aliquam distinctio vero', 'cum', 'Brigitte.Hahn@gmail.com');
INSERT INTO User (idUser, name, nameDiscriminator, passwordHash, passwordSalt, Email) VALUES ('51', 'Jasen', '2896', 'suscipit reiciendis eos', 'explicabo', 'Eda50@gmail.com');
INSERT INTO User (idUser, name, nameDiscriminator, passwordHash, passwordSalt, Email) VALUES ('52', 'Evan', '8796', 'sequi porro illo', 'quas', 'Andrew_Blick@yahoo.com');
INSERT INTO User (idUser, name, nameDiscriminator, passwordHash, passwordSalt, Email) VALUES ('53', 'Tina', '2534', 'ipsum beatae eius', 'dicta', 'Leann23@yahoo.com');
INSERT INTO User (idUser, name, nameDiscriminator, passwordHash, passwordSalt, Email) VALUES ('54', 'Sid', '4020', 'cumque accusantium consectetur', 'adipisci', 'Velma_Schuppe15@gmail.com');
INSERT INTO User (idUser, name, nameDiscriminator, passwordHash, passwordSalt, Email) VALUES ('55', 'Jalyn', '2119', 'ab amet nam', 'cupiditate', 'Salma93@hotmail.com');
INSERT INTO User (idUser, name, nameDiscriminator, passwordHash, passwordSalt, Email) VALUES ('56', 'Jamar', '2376', 'repellat ut sapiente', 'saepe', 'Heidi_Leannon@gmail.com');
INSERT INTO User (idUser, name, nameDiscriminator, passwordHash, passwordSalt, Email) VALUES ('57', 'Pablo', '3037', 'fuga hic tenetur', 'quos', 'Pearline_Zboncak@gmail.com');
INSERT INTO User (idUser, name, nameDiscriminator, passwordHash, passwordSalt, Email) VALUES ('58', 'Cristobal', '4981', 'maxime voluptate eos', 'quae', 'Jenifer81@yahoo.com');
INSERT INTO User (idUser, name, nameDiscriminator, passwordHash, passwordSalt, Email) VALUES ('59', 'Vicenta', '9231', 'quas magni dicta', 'totam', 'Loy.Botsford@yahoo.com');
INSERT INTO User (idUser, name, nameDiscriminator, passwordHash, passwordSalt, Email) VALUES ('60', 'Archibald', '3091', 'dolorum tempora rem', 'aliquam', 'Andreanne94@yahoo.com');
INSERT INTO User (idUser, name, nameDiscriminator, passwordHash, passwordSalt, Email) VALUES ('61', 'Verda', '4204', 'quia optio quis', 'vel', 'Nels25@yahoo.com');
INSERT INTO User (idUser, name, nameDiscriminator, passwordHash, passwordSalt, Email) VALUES ('62', 'Lance', '2438', 'saepe voluptate omnis', 'distinctio', 'Marlen.Ritchie89@hotmail.com');
INSERT INTO User (idUser, name, nameDiscriminator, passwordHash, passwordSalt, Email) VALUES ('63', 'Alene', '8069', 'perferendis voluptate veniam', 'sint', 'Natalie_Marvin@gmail.com');
INSERT INTO User (idUser, name, nameDiscriminator, passwordHash, passwordSalt, Email) VALUES ('64', 'Lucas', '5337', 'asperiores minus aliquam', 'nemo', 'Marielle_Herzog71@yahoo.com');
INSERT INTO User (idUser, name, nameDiscriminator, passwordHash, passwordSalt, Email) VALUES ('65', 'Karolann', '7046', 'laudantium mollitia quibusdam', 'deleniti', 'Arlo_Boehm7@hotmail.com');
INSERT INTO User (idUser, name, nameDiscriminator, passwordHash, passwordSalt, Email) VALUES ('66', 'Germaine', '6835', 'doloremque nobis voluptates', 'assumenda', 'Addie_Buckridge18@gmail.com');
INSERT INTO User (idUser, name, nameDiscriminator, passwordHash, passwordSalt, Email) VALUES ('67', 'Alexa', '4392', 'aspernatur itaque minima', 'voluptates', 'Jarod.Bechtelar@gmail.com');
INSERT INTO User (idUser, name, nameDiscriminator, passwordHash, passwordSalt, Email) VALUES ('68', 'Antone', '8586', 'asperiores architecto sint', 'officia', 'Mavis.Carter@yahoo.com');
INSERT INTO User (idUser, name, nameDiscriminator, passwordHash, passwordSalt, Email) VALUES ('69', 'Neva', '5267', 'dicta modi hic', 'eligendi', 'Janis.Kris@gmail.com');
INSERT INTO User (idUser, name, nameDiscriminator, passwordHash, passwordSalt, Email) VALUES ('70', 'Rachelle', '1755', 'dolorem suscipit a', 'harum', 'Jamel_Dach@hotmail.com');
INSERT INTO User (idUser, name, nameDiscriminator, passwordHash, passwordSalt, Email) VALUES ('71', 'Brionna', '7438', 'at dolores inventore', 'dolore', 'Dessie18@hotmail.com');
INSERT INTO User (idUser, name, nameDiscriminator, passwordHash, passwordSalt, Email) VALUES ('72', 'Mustafa', '9360', 'beatae quia dicta', 'labore', 'Crystel.Tremblay@yahoo.com');
INSERT INTO User (idUser, name, nameDiscriminator, passwordHash, passwordSalt, Email) VALUES ('73', 'Emely', '6339', 'corporis quaerat voluptas', 'molestias', 'Lorenz_Effertz@yahoo.com');
INSERT INTO User (idUser, name, nameDiscriminator, passwordHash, passwordSalt, Email) VALUES ('74', 'Heloise', '1450', 'fuga accusamus placeat', 'explicabo', 'Ramon.Jacobs88@hotmail.com');
INSERT INTO User (idUser, name, nameDiscriminator, passwordHash, passwordSalt, Email) VALUES ('75', 'Glen', '7535', 'sit quod beatae', 'fugiat', 'Blair32@gmail.com');
INSERT INTO User (idUser, name, nameDiscriminator, passwordHash, passwordSalt, Email) VALUES ('76', 'Jessie', '8329', 'vel perferendis dolorum', 'quam', 'Don.Champlin77@yahoo.com');
INSERT INTO User (idUser, name, nameDiscriminator, passwordHash, passwordSalt, Email) VALUES ('77', 'Lesly', '5592', 'ad molestiae cum', 'ex', 'Lenna51@yahoo.com');
INSERT INTO User (idUser, name, nameDiscriminator, passwordHash, passwordSalt, Email) VALUES ('78', 'Brandy', '4141', 'assumenda distinctio earum', 'doloremque', 'Kaitlin77@gmail.com');
INSERT INTO User (idUser, name, nameDiscriminator, passwordHash, passwordSalt, Email) VALUES ('79', 'Bridgette', '8636', 'nulla numquam laboriosam', 'praesentium', 'Edwardo_Klocko89@hotmail.com');
INSERT INTO User (idUser, name, nameDiscriminator, passwordHash, passwordSalt, Email) VALUES ('80', 'Breanna', '5156', 'harum expedita ad', 'animi', 'Heidi.Tremblay19@yahoo.com');
INSERT INTO User (idUser, name, nameDiscriminator, passwordHash, passwordSalt, Email) VALUES ('81', 'Rico', '9427', 'quibusdam saepe nulla', 'accusantium', 'Hester_Casper@yahoo.com');
INSERT INTO User (idUser, name, nameDiscriminator, passwordHash, passwordSalt, Email) VALUES ('82', 'Brooklyn', '9109', 'voluptate distinctio tenetur', 'magni', 'Ivy_Klein91@yahoo.com');
INSERT INTO User (idUser, name, nameDiscriminator, passwordHash, passwordSalt, Email) VALUES ('83', 'Ashley', '8222', 'rerum praesentium repudiandae', 'itaque', 'Ericka91@gmail.com');
INSERT INTO User (idUser, name, nameDiscriminator, passwordHash, passwordSalt, Email) VALUES ('84', 'Jett', '8838', 'sapiente placeat eaque', 'ea', 'Clemmie_Johnston22@yahoo.com');
INSERT INTO User (idUser, name, nameDiscriminator, passwordHash, passwordSalt, Email) VALUES ('85', 'Era', '1861', 'dolorem tenetur rerum', 'labore', 'Mafalda94@gmail.com');
INSERT INTO User (idUser, name, nameDiscriminator, passwordHash, passwordSalt, Email) VALUES ('86', 'Lisa', '6374', 'ipsa amet cumque', 'sed', 'Ray.Homenick@yahoo.com');
INSERT INTO User (idUser, name, nameDiscriminator, passwordHash, passwordSalt, Email) VALUES ('87', 'Muhammad', '1241', 'ipsa amet alias', 'eligendi', 'Henriette_Streich@hotmail.com');
INSERT INTO User (idUser, name, nameDiscriminator, passwordHash, passwordSalt, Email) VALUES ('88', 'Zita', '7269', 'laudantium in ad', 'perferendis', 'Dina97@yahoo.com');
INSERT INTO User (idUser, name, nameDiscriminator, passwordHash, passwordSalt, Email) VALUES ('89', 'Aisha', '9775', 'corrupti accusantium est', 'maxime', 'Ashtyn_Rowe@hotmail.com');
INSERT INTO User (idUser, name, nameDiscriminator, passwordHash, passwordSalt, Email) VALUES ('90', 'Claudine', '9333', 'ea expedita maxime', 'quisquam', 'Raquel89@gmail.com');
INSERT INTO User (idUser, name, nameDiscriminator, passwordHash, passwordSalt, Email) VALUES ('91', 'Elise', '4911', 'labore mollitia voluptas', 'nisi', 'Mariah19@hotmail.com');
INSERT INTO User (idUser, name, nameDiscriminator, passwordHash, passwordSalt, Email) VALUES ('92', 'Jordan', '1609', 'itaque quam mollitia', 'accusamus', 'Rebecca48@hotmail.com');
INSERT INTO User (idUser, name, nameDiscriminator, passwordHash, passwordSalt, Email) VALUES ('93', 'Grady', '8284', 'laboriosam id optio', 'inventore', 'Dimitri1@gmail.com');
INSERT INTO User (idUser, name, nameDiscriminator, passwordHash, passwordSalt, Email) VALUES ('94', 'Chet', '4649', 'exercitationem sequi delectus', 'quibusdam', 'Vena.Bode50@hotmail.com');
INSERT INTO User (idUser, name, nameDiscriminator, passwordHash, passwordSalt, Email) VALUES ('95', 'Lera', '1000', 'alias ipsum eius', 'quod', 'Dakota30@hotmail.com');
INSERT INTO User (idUser, name, nameDiscriminator, passwordHash, passwordSalt, Email) VALUES ('96', 'Elouise', '9823', 'voluptatum quae adipisci', 'mollitia', 'Else.Ruecker@yahoo.com');
INSERT INTO User (idUser, name, nameDiscriminator, passwordHash, passwordSalt, Email) VALUES ('97', 'Neha', '5141', 'impedit a minima', 'aperiam', 'Letitia_Kessler9@gmail.com');
INSERT INTO User (idUser, name, nameDiscriminator, passwordHash, passwordSalt, Email) VALUES ('98', 'Kitty', '1431', 'distinctio laborum molestiae', 'totam', 'Brittany.Fisher@yahoo.com');
INSERT INTO User (idUser, name, nameDiscriminator, passwordHash, passwordSalt, Email) VALUES ('99', 'Hazle', '4280', 'omnis accusantium occaecati', 'doloribus', 'Bonita_Abshire20@yahoo.com');
INSERT INTO User (idUser, name, nameDiscriminator, passwordHash, passwordSalt, Email) VALUES ('100', 'Boyd', '9723', 'autem delectus esse', 'cum', 'Robb0@yahoo.com');

INSERT INTO Friend (User_idUser, User_idUser1) VALUES ('25', '76');
INSERT INTO Friend (User_idUser, User_idUser1) VALUES ('70', '51');
INSERT INTO Friend (User_idUser, User_idUser1) VALUES ('56', '28');
INSERT INTO Friend (User_idUser, User_idUser1) VALUES ('4', '14');
INSERT INTO Friend (User_idUser, User_idUser1) VALUES ('74', '77');
INSERT INTO Friend (User_idUser, User_idUser1) VALUES ('41', '77');
INSERT INTO Friend (User_idUser, User_idUser1) VALUES ('68', '22');
INSERT INTO Friend (User_idUser, User_idUser1) VALUES ('52', '5');
INSERT INTO Friend (User_idUser, User_idUser1) VALUES ('90', '2');
INSERT INTO Friend (User_idUser, User_idUser1) VALUES ('49', '35');
INSERT INTO Friend (User_idUser, User_idUser1) VALUES ('92', '61');
INSERT INTO Friend (User_idUser, User_idUser1) VALUES ('66', '79');
INSERT INTO Friend (User_idUser, User_idUser1) VALUES ('72', '3');
INSERT INTO Friend (User_idUser, User_idUser1) VALUES ('37', '35');
INSERT INTO Friend (User_idUser, User_idUser1) VALUES ('91', '86');
INSERT INTO Friend (User_idUser, User_idUser1) VALUES ('68', '26');
INSERT INTO Friend (User_idUser, User_idUser1) VALUES ('70', '26');
INSERT INTO Friend (User_idUser, User_idUser1) VALUES ('73', '87');
INSERT INTO Friend (User_idUser, User_idUser1) VALUES ('13', '10');
INSERT INTO Friend (User_idUser, User_idUser1) VALUES ('30', '40');
INSERT INTO Friend (User_idUser, User_idUser1) VALUES ('87', '12');
INSERT INTO Friend (User_idUser, User_idUser1) VALUES ('62', '75');
INSERT INTO Friend (User_idUser, User_idUser1) VALUES ('50', '17');
INSERT INTO Friend (User_idUser, User_idUser1) VALUES ('9', '19');
INSERT INTO Friend (User_idUser, User_idUser1) VALUES ('97', '1');
INSERT INTO Friend (User_idUser, User_idUser1) VALUES ('66', '95');
INSERT INTO Friend (User_idUser, User_idUser1) VALUES ('58', '22');
INSERT INTO Friend (User_idUser, User_idUser1) VALUES ('98', '7');
INSERT INTO Friend (User_idUser, User_idUser1) VALUES ('40', '43');
INSERT INTO Friend (User_idUser, User_idUser1) VALUES ('92', '43');
INSERT INTO Friend (User_idUser, User_idUser1) VALUES ('85', '8');
INSERT INTO Friend (User_idUser, User_idUser1) VALUES ('53', '84');
INSERT INTO Friend (User_idUser, User_idUser1) VALUES ('87', '16');
INSERT INTO Friend (User_idUser, User_idUser1) VALUES ('100', '72');
INSERT INTO Friend (User_idUser, User_idUser1) VALUES ('9', '66');
INSERT INTO Friend (User_idUser, User_idUser1) VALUES ('65', '42');
INSERT INTO Friend (User_idUser, User_idUser1) VALUES ('13', '18');
INSERT INTO Friend (User_idUser, User_idUser1) VALUES ('36', '21');
INSERT INTO Friend (User_idUser, User_idUser1) VALUES ('31', '45');
INSERT INTO Friend (User_idUser, User_idUser1) VALUES ('81', '64');
INSERT INTO Friend (User_idUser, User_idUser1) VALUES ('43', '38');
INSERT INTO Friend (User_idUser, User_idUser1) VALUES ('92', '32');
INSERT INTO Friend (User_idUser, User_idUser1) VALUES ('98', '9');
INSERT INTO Friend (User_idUser, User_idUser1) VALUES ('67', '72');
INSERT INTO Friend (User_idUser, User_idUser1) VALUES ('80', '8');
INSERT INTO Friend (User_idUser, User_idUser1) VALUES ('90', '21');
INSERT INTO Friend (User_idUser, User_idUser1) VALUES ('80', '6');
INSERT INTO Friend (User_idUser, User_idUser1) VALUES ('78', '81');
INSERT INTO Friend (User_idUser, User_idUser1) VALUES ('50', '37');
INSERT INTO Friend (User_idUser, User_idUser1) VALUES ('23', '9');
INSERT INTO Friend (User_idUser, User_idUser1) VALUES ('46', '31');
INSERT INTO Friend (User_idUser, User_idUser1) VALUES ('96', '34');
INSERT INTO Friend (User_idUser, User_idUser1) VALUES ('43', '36');
INSERT INTO Friend (User_idUser, User_idUser1) VALUES ('35', '24');
INSERT INTO Friend (User_idUser, User_idUser1) VALUES ('44', '51');
INSERT INTO Friend (User_idUser, User_idUser1) VALUES ('64', '46');
INSERT INTO Friend (User_idUser, User_idUser1) VALUES ('64', '33');
INSERT INTO Friend (User_idUser, User_idUser1) VALUES ('97', '95');
INSERT INTO Friend (User_idUser, User_idUser1) VALUES ('2', '91');
INSERT INTO Friend (User_idUser, User_idUser1) VALUES ('61', '91');
INSERT INTO Friend (User_idUser, User_idUser1) VALUES ('59', '22');
INSERT INTO Friend (User_idUser, User_idUser1) VALUES ('54', '68');
INSERT INTO Friend (User_idUser, User_idUser1) VALUES ('33', '33');
INSERT INTO Friend (User_idUser, User_idUser1) VALUES ('42', '65');
INSERT INTO Friend (User_idUser, User_idUser1) VALUES ('72', '85');
INSERT INTO Friend (User_idUser, User_idUser1) VALUES ('70', '30');
INSERT INTO Friend (User_idUser, User_idUser1) VALUES ('96', '98');
INSERT INTO Friend (User_idUser, User_idUser1) VALUES ('61', '6');
INSERT INTO Friend (User_idUser, User_idUser1) VALUES ('25', '44');
INSERT INTO Friend (User_idUser, User_idUser1) VALUES ('44', '92');
INSERT INTO Friend (User_idUser, User_idUser1) VALUES ('71', '24');
INSERT INTO Friend (User_idUser, User_idUser1) VALUES ('76', '73');
INSERT INTO Friend (User_idUser, User_idUser1) VALUES ('72', '78');
INSERT INTO Friend (User_idUser, User_idUser1) VALUES ('70', '6');
INSERT INTO Friend (User_idUser, User_idUser1) VALUES ('80', '23');
INSERT INTO Friend (User_idUser, User_idUser1) VALUES ('46', '7');
INSERT INTO Friend (User_idUser, User_idUser1) VALUES ('8', '28');
INSERT INTO Friend (User_idUser, User_idUser1) VALUES ('57', '19');
INSERT INTO Friend (User_idUser, User_idUser1) VALUES ('32', '88');
INSERT INTO Friend (User_idUser, User_idUser1) VALUES ('69', '43');
INSERT INTO Friend (User_idUser, User_idUser1) VALUES ('72', '39');
INSERT INTO Friend (User_idUser, User_idUser1) VALUES ('31', '46');
INSERT INTO Friend (User_idUser, User_idUser1) VALUES ('78', '71');
INSERT INTO Friend (User_idUser, User_idUser1) VALUES ('90', '81');
INSERT INTO Friend (User_idUser, User_idUser1) VALUES ('67', '53');
INSERT INTO Friend (User_idUser, User_idUser1) VALUES ('74', '11');
INSERT INTO Friend (User_idUser, User_idUser1) VALUES ('7', '70');
INSERT INTO Friend (User_idUser, User_idUser1) VALUES ('69', '36');
INSERT INTO Friend (User_idUser, User_idUser1) VALUES ('50', '1');
INSERT INTO Friend (User_idUser, User_idUser1) VALUES ('60', '70');
INSERT INTO Friend (User_idUser, User_idUser1) VALUES ('47', '76');
INSERT INTO Friend (User_idUser, User_idUser1) VALUES ('84', '90');
INSERT INTO Friend (User_idUser, User_idUser1) VALUES ('5', '50');
INSERT INTO Friend (User_idUser, User_idUser1) VALUES ('26', '37');
INSERT INTO Friend (User_idUser, User_idUser1) VALUES ('35', '98');
INSERT INTO Friend (User_idUser, User_idUser1) VALUES ('62', '30');
INSERT INTO Friend (User_idUser, User_idUser1) VALUES ('57', '73');
INSERT INTO Friend (User_idUser, User_idUser1) VALUES ('28', '48');
INSERT INTO Friend (User_idUser, User_idUser1) VALUES ('81', '54');
INSERT INTO Friend (User_idUser, User_idUser1) VALUES ('77', '53');
INSERT INTO Friend (User_idUser, User_idUser1) VALUES ('96', '32');
INSERT INTO Friend (User_idUser, User_idUser1) VALUES ('43', '39');
INSERT INTO Friend (User_idUser, User_idUser1) VALUES ('55', '86');
INSERT INTO Friend (User_idUser, User_idUser1) VALUES ('3', '31');
INSERT INTO Friend (User_idUser, User_idUser1) VALUES ('99', '82');
INSERT INTO Friend (User_idUser, User_idUser1) VALUES ('59', '15');
INSERT INTO Friend (User_idUser, User_idUser1) VALUES ('81', '66');
INSERT INTO Friend (User_idUser, User_idUser1) VALUES ('74', '75');
INSERT INTO Friend (User_idUser, User_idUser1) VALUES ('69', '83');
INSERT INTO Friend (User_idUser, User_idUser1) VALUES ('56', '73');
INSERT INTO Friend (User_idUser, User_idUser1) VALUES ('28', '34');
INSERT INTO Friend (User_idUser, User_idUser1) VALUES ('70', '35');
INSERT INTO Friend (User_idUser, User_idUser1) VALUES ('28', '86');
INSERT INTO Friend (User_idUser, User_idUser1) VALUES ('58', '63');
INSERT INTO Friend (User_idUser, User_idUser1) VALUES ('8', '85');
INSERT INTO Friend (User_idUser, User_idUser1) VALUES ('90', '82');
INSERT INTO Friend (User_idUser, User_idUser1) VALUES ('84', '76');
INSERT INTO Friend (User_idUser, User_idUser1) VALUES ('75', '88');

INSERT INTO Achievement (idAchievement, AchievementName) VALUES ('1', 'calculating');
INSERT INTO Achievement (idAchievement, AchievementName) VALUES ('2', 'programming');
INSERT INTO Achievement (idAchievement, AchievementName) VALUES ('3', 'synthesizing');
INSERT INTO Achievement (idAchievement, AchievementName) VALUES ('4', 'quantifying');
INSERT INTO Achievement (idAchievement, AchievementName) VALUES ('5', 'navigating');
INSERT INTO Achievement (idAchievement, AchievementName) VALUES ('6', 'compressing');
INSERT INTO Achievement (idAchievement, AchievementName) VALUES ('7', 'hacking');
INSERT INTO Achievement (idAchievement, AchievementName) VALUES ('8', 'compressing');
INSERT INTO Achievement (idAchievement, AchievementName) VALUES ('9', 'bypassing');
INSERT INTO Achievement (idAchievement, AchievementName) VALUES ('10', 'synthesizing');

INSERT INTO User_has_Achievement (User_idUser, Achievement_idAchievement, Time) VALUES ('13', '7', '2066-12-17T07:40:21.899');
INSERT INTO User_has_Achievement (User_idUser, Achievement_idAchievement, Time) VALUES ('57', '8', '2001-03-17T06:39:43.549');
INSERT INTO User_has_Achievement (User_idUser, Achievement_idAchievement, Time) VALUES ('18', '1', '2003-08-10T15:53:27.460');
INSERT INTO User_has_Achievement (User_idUser, Achievement_idAchievement, Time) VALUES ('63', '1', '2041-06-04T13:58:06.973');
INSERT INTO User_has_Achievement (User_idUser, Achievement_idAchievement, Time) VALUES ('76', '10', '2013-06-30T06:12:05.236');
INSERT INTO User_has_Achievement (User_idUser, Achievement_idAchievement, Time) VALUES ('19', '8', '2009-02-11T21:44:13.903');
INSERT INTO User_has_Achievement (User_idUser, Achievement_idAchievement, Time) VALUES ('88', '8', '2061-03-09T01:26:36.494');
INSERT INTO User_has_Achievement (User_idUser, Achievement_idAchievement, Time) VALUES ('38', '10', '2004-03-18T14:03:13.589');
INSERT INTO User_has_Achievement (User_idUser, Achievement_idAchievement, Time) VALUES ('83', '4', '1993-11-10T22:22:01.790');
INSERT INTO User_has_Achievement (User_idUser, Achievement_idAchievement, Time) VALUES ('98', '6', '1996-08-24T08:03:44.848');
INSERT INTO User_has_Achievement (User_idUser, Achievement_idAchievement, Time) VALUES ('79', '3', '2023-03-01T10:19:47.959');
INSERT INTO User_has_Achievement (User_idUser, Achievement_idAchievement, Time) VALUES ('3', '8', '2069-10-18T23:38:20.453');
INSERT INTO User_has_Achievement (User_idUser, Achievement_idAchievement, Time) VALUES ('75', '2', '1997-05-13T12:25:39.178');
INSERT INTO User_has_Achievement (User_idUser, Achievement_idAchievement, Time) VALUES ('50', '7', '2006-03-31T13:51:54.360');
INSERT INTO User_has_Achievement (User_idUser, Achievement_idAchievement, Time) VALUES ('3', '2', '2097-11-09T18:56:59.400');
INSERT INTO User_has_Achievement (User_idUser, Achievement_idAchievement, Time) VALUES ('78', '6', '2057-03-11T12:24:04.512');
INSERT INTO User_has_Achievement (User_idUser, Achievement_idAchievement, Time) VALUES ('33', '9', '2031-03-31T07:21:55.098');
INSERT INTO User_has_Achievement (User_idUser, Achievement_idAchievement, Time) VALUES ('35', '2', '2046-08-12T18:15:03.461');
INSERT INTO User_has_Achievement (User_idUser, Achievement_idAchievement, Time) VALUES ('12', '6', '2041-04-24T14:23:42.547');
INSERT INTO User_has_Achievement (User_idUser, Achievement_idAchievement, Time) VALUES ('30', '5', '2072-05-13T21:40:50.438');
INSERT INTO User_has_Achievement (User_idUser, Achievement_idAchievement, Time) VALUES ('87', '4', '2030-01-09T21:57:25.882');
INSERT INTO User_has_Achievement (User_idUser, Achievement_idAchievement, Time) VALUES ('67', '9', '2043-12-02T16:26:56.096');
INSERT INTO User_has_Achievement (User_idUser, Achievement_idAchievement, Time) VALUES ('41', '6', '2087-02-06T17:21:17.824');
INSERT INTO User_has_Achievement (User_idUser, Achievement_idAchievement, Time) VALUES ('84', '4', '2017-11-02T14:07:08.912');
INSERT INTO User_has_Achievement (User_idUser, Achievement_idAchievement, Time) VALUES ('95', '9', '2045-06-22T03:18:40.441');
INSERT INTO User_has_Achievement (User_idUser, Achievement_idAchievement, Time) VALUES ('17', '8', '2017-12-28T15:45:31.277');
INSERT INTO User_has_Achievement (User_idUser, Achievement_idAchievement, Time) VALUES ('40', '6', '2064-03-05T01:33:29.368');
INSERT INTO User_has_Achievement (User_idUser, Achievement_idAchievement, Time) VALUES ('65', '8', '2047-02-01T22:23:34.962');
INSERT INTO User_has_Achievement (User_idUser, Achievement_idAchievement, Time) VALUES ('61', '5', '2032-06-03T01:45:38.386');
INSERT INTO User_has_Achievement (User_idUser, Achievement_idAchievement, Time) VALUES ('8', '2', '2048-07-16T17:40:53.028');
INSERT INTO User_has_Achievement (User_idUser, Achievement_idAchievement, Time) VALUES ('9', '1', '2082-05-22T13:07:08.649');
INSERT INTO User_has_Achievement (User_idUser, Achievement_idAchievement, Time) VALUES ('26', '6', '2083-05-23T03:49:29.812');
INSERT INTO User_has_Achievement (User_idUser, Achievement_idAchievement, Time) VALUES ('64', '5', '2025-07-26T21:44:42.923');
INSERT INTO User_has_Achievement (User_idUser, Achievement_idAchievement, Time) VALUES ('54', '2', '2071-09-01T07:38:07.124');
INSERT INTO User_has_Achievement (User_idUser, Achievement_idAchievement, Time) VALUES ('72', '9', '2031-02-11T11:47:21.735');
INSERT INTO User_has_Achievement (User_idUser, Achievement_idAchievement, Time) VALUES ('83', '5', '2035-09-27T07:23:23.459');
INSERT INTO User_has_Achievement (User_idUser, Achievement_idAchievement, Time) VALUES ('77', '1', '2014-10-03T19:51:58.053');
INSERT INTO User_has_Achievement (User_idUser, Achievement_idAchievement, Time) VALUES ('52', '2', '2024-09-12T20:20:24.182');
INSERT INTO User_has_Achievement (User_idUser, Achievement_idAchievement, Time) VALUES ('36', '7', '2086-02-09T19:46:37.285');
INSERT INTO User_has_Achievement (User_idUser, Achievement_idAchievement, Time) VALUES ('44', '4', '2082-01-02T22:33:52.272');
INSERT INTO User_has_Achievement (User_idUser, Achievement_idAchievement, Time) VALUES ('71', '2', '2036-09-22T15:10:13.825');
INSERT INTO User_has_Achievement (User_idUser, Achievement_idAchievement, Time) VALUES ('83', '7', '2044-05-30T12:02:23.515');
INSERT INTO User_has_Achievement (User_idUser, Achievement_idAchievement, Time) VALUES ('7', '10', '2008-07-05T03:46:59.654');
INSERT INTO User_has_Achievement (User_idUser, Achievement_idAchievement, Time) VALUES ('27', '2', '2071-07-31T14:58:19.567');
INSERT INTO User_has_Achievement (User_idUser, Achievement_idAchievement, Time) VALUES ('85', '3', '2090-08-10T21:59:25.763');
INSERT INTO User_has_Achievement (User_idUser, Achievement_idAchievement, Time) VALUES ('48', '1', '1995-09-28T21:51:03.279');
INSERT INTO User_has_Achievement (User_idUser, Achievement_idAchievement, Time) VALUES ('68', '8', '2000-11-20T02:25:33.139');
INSERT INTO User_has_Achievement (User_idUser, Achievement_idAchievement, Time) VALUES ('77', '4', '2071-04-06T18:09:07.890');
INSERT INTO User_has_Achievement (User_idUser, Achievement_idAchievement, Time) VALUES ('53', '7', '1996-08-09T16:13:36.030');
INSERT INTO User_has_Achievement (User_idUser, Achievement_idAchievement, Time) VALUES ('31', '8', '2003-01-13T18:45:21.243');

INSERT INTO `Group` (idGroup, GroupOwner, GroupName) VALUES ('1', '5', 'program-program');
INSERT INTO `Group` (idGroup, GroupOwner, GroupName) VALUES ('2', '4', 'feed-calculate');
INSERT INTO `Group` (idGroup, GroupOwner, GroupName) VALUES ('3', '95', 'system-index');
INSERT INTO `Group` (idGroup, GroupOwner, GroupName) VALUES ('4', '76', 'application-parse');
INSERT INTO `Group` (idGroup, GroupOwner, GroupName) VALUES ('5', '38', 'program-index');
INSERT INTO `Group` (idGroup, GroupOwner, GroupName) VALUES ('6', '56', 'pixel-quantify');
INSERT INTO `Group` (idGroup, GroupOwner, GroupName) VALUES ('7', '76', 'hard-drive-generate');
INSERT INTO `Group` (idGroup, GroupOwner, GroupName) VALUES ('8', '52', 'pixel-index');
INSERT INTO `Group` (idGroup, GroupOwner, GroupName) VALUES ('9', '20', 'panel-parse');
INSERT INTO `Group` (idGroup, GroupOwner, GroupName) VALUES ('10', '30', 'application-hack');
INSERT INTO `Group` (idGroup, GroupOwner, GroupName) VALUES ('11', '44', 'feed-copy');
INSERT INTO `Group` (idGroup, GroupOwner, GroupName) VALUES ('12', '77', 'hard-drive-quantify');
INSERT INTO `Group` (idGroup, GroupOwner, GroupName) VALUES ('13', '68', 'panel-compress');
INSERT INTO `Group` (idGroup, GroupOwner, GroupName) VALUES ('14', '76', 'microchip-reboot');
INSERT INTO `Group` (idGroup, GroupOwner, GroupName) VALUES ('15', '18', 'feed-bypass');
INSERT INTO `Group` (idGroup, GroupOwner, GroupName) VALUES ('16', '3', 'matrix-override');
INSERT INTO `Group` (idGroup, GroupOwner, GroupName) VALUES ('17', '63', 'sensor-quantify');
INSERT INTO `Group` (idGroup, GroupOwner, GroupName) VALUES ('18', '23', 'sensor-reboot');
INSERT INTO `Group` (idGroup, GroupOwner, GroupName) VALUES ('19', '76', 'pixel-program');
INSERT INTO `Group` (idGroup, GroupOwner, GroupName) VALUES ('20', '31', 'bus-bypass');

INSERT INTO FriendRequset (User_idUser, Recipient) VALUES ('78', '21');
INSERT INTO FriendRequset (User_idUser, Recipient) VALUES ('80', '81');
INSERT INTO FriendRequset (User_idUser, Recipient) VALUES ('59', '93');
INSERT INTO FriendRequset (User_idUser, Recipient) VALUES ('18', '100');
INSERT INTO FriendRequset (User_idUser, Recipient) VALUES ('71', '87');
INSERT INTO FriendRequset (User_idUser, Recipient) VALUES ('63', '95');
INSERT INTO FriendRequset (User_idUser, Recipient) VALUES ('78', '44');
INSERT INTO FriendRequset (User_idUser, Recipient) VALUES ('71', '55');
INSERT INTO FriendRequset (User_idUser, Recipient) VALUES ('57', '42');
INSERT INTO FriendRequset (User_idUser, Recipient) VALUES ('59', '31');

INSERT INTO GroupMember (Group_idGroup, User_idUser) VALUES ('16', '11');
INSERT INTO GroupMember (Group_idGroup, User_idUser) VALUES ('6', '85');
INSERT INTO GroupMember (Group_idGroup, User_idUser) VALUES ('9', '8');
INSERT INTO GroupMember (Group_idGroup, User_idUser) VALUES ('12', '52');
INSERT INTO GroupMember (Group_idGroup, User_idUser) VALUES ('15', '13');
INSERT INTO GroupMember (Group_idGroup, User_idUser) VALUES ('18', '82');
INSERT INTO GroupMember (Group_idGroup, User_idUser) VALUES ('12', '3');
INSERT INTO GroupMember (Group_idGroup, User_idUser) VALUES ('7', '100');
INSERT INTO GroupMember (Group_idGroup, User_idUser) VALUES ('4', '19');
INSERT INTO GroupMember (Group_idGroup, User_idUser) VALUES ('8', '80');
INSERT INTO GroupMember (Group_idGroup, User_idUser) VALUES ('18', '88');
INSERT INTO GroupMember (Group_idGroup, User_idUser) VALUES ('18', '23');
INSERT INTO GroupMember (Group_idGroup, User_idUser) VALUES ('17', '52');
INSERT INTO GroupMember (Group_idGroup, User_idUser) VALUES ('11', '6');
INSERT INTO GroupMember (Group_idGroup, User_idUser) VALUES ('10', '84');
INSERT INTO GroupMember (Group_idGroup, User_idUser) VALUES ('17', '99');
INSERT INTO GroupMember (Group_idGroup, User_idUser) VALUES ('18', '40');
INSERT INTO GroupMember (Group_idGroup, User_idUser) VALUES ('13', '61');
INSERT INTO GroupMember (Group_idGroup, User_idUser) VALUES ('20', '80');
INSERT INTO GroupMember (Group_idGroup, User_idUser) VALUES ('6', '48');
INSERT INTO GroupMember (Group_idGroup, User_idUser) VALUES ('4', '49');
INSERT INTO GroupMember (Group_idGroup, User_idUser) VALUES ('5', '79');
INSERT INTO GroupMember (Group_idGroup, User_idUser) VALUES ('12', '13');
INSERT INTO GroupMember (Group_idGroup, User_idUser) VALUES ('11', '85');
INSERT INTO GroupMember (Group_idGroup, User_idUser) VALUES ('13', '78');
INSERT INTO GroupMember (Group_idGroup, User_idUser) VALUES ('4', '66');
INSERT INTO GroupMember (Group_idGroup, User_idUser) VALUES ('6', '93');
INSERT INTO GroupMember (Group_idGroup, User_idUser) VALUES ('5', '13');
INSERT INTO GroupMember (Group_idGroup, User_idUser) VALUES ('1', '5');
INSERT INTO GroupMember (Group_idGroup, User_idUser) VALUES ('11', '65');
INSERT INTO GroupMember (Group_idGroup, User_idUser) VALUES ('11', '51');
INSERT INTO GroupMember (Group_idGroup, User_idUser) VALUES ('8', '25');
INSERT INTO GroupMember (Group_idGroup, User_idUser) VALUES ('20', '100');
INSERT INTO GroupMember (Group_idGroup, User_idUser) VALUES ('11', '29');
INSERT INTO GroupMember (Group_idGroup, User_idUser) VALUES ('4', '73');
INSERT INTO GroupMember (Group_idGroup, User_idUser) VALUES ('8', '9');
INSERT INTO GroupMember (Group_idGroup, User_idUser) VALUES ('4', '1');
INSERT INTO GroupMember (Group_idGroup, User_idUser) VALUES ('19', '78');
INSERT INTO GroupMember (Group_idGroup, User_idUser) VALUES ('1', '73');
INSERT INTO GroupMember (Group_idGroup, User_idUser) VALUES ('15', '56');
INSERT INTO GroupMember (Group_idGroup, User_idUser) VALUES ('16', '39');
INSERT INTO GroupMember (Group_idGroup, User_idUser) VALUES ('11', '81');
INSERT INTO GroupMember (Group_idGroup, User_idUser) VALUES ('2', '34');
INSERT INTO GroupMember (Group_idGroup, User_idUser) VALUES ('3', '89');
INSERT INTO GroupMember (Group_idGroup, User_idUser) VALUES ('3', '11');
INSERT INTO GroupMember (Group_idGroup, User_idUser) VALUES ('19', '54');
INSERT INTO GroupMember (Group_idGroup, User_idUser) VALUES ('7', '96');
INSERT INTO GroupMember (Group_idGroup, User_idUser) VALUES ('7', '7');
INSERT INTO GroupMember (Group_idGroup, User_idUser) VALUES ('17', '98');
INSERT INTO GroupMember (Group_idGroup, User_idUser) VALUES ('13', '16');
INSERT INTO GroupMember (Group_idGroup, User_idUser) VALUES ('9', '7');
INSERT INTO GroupMember (Group_idGroup, User_idUser) VALUES ('2', '83');
INSERT INTO GroupMember (Group_idGroup, User_idUser) VALUES ('2', '63');
INSERT INTO GroupMember (Group_idGroup, User_idUser) VALUES ('1', '21');
INSERT INTO GroupMember (Group_idGroup, User_idUser) VALUES ('16', '95');
INSERT INTO GroupMember (Group_idGroup, User_idUser) VALUES ('13', '80');
INSERT INTO GroupMember (Group_idGroup, User_idUser) VALUES ('18', '8');
INSERT INTO GroupMember (Group_idGroup, User_idUser) VALUES ('13', '24');
INSERT INTO GroupMember (Group_idGroup, User_idUser) VALUES ('12', '80');
INSERT INTO GroupMember (Group_idGroup, User_idUser) VALUES ('19', '31');
INSERT INTO GroupMember (Group_idGroup, User_idUser) VALUES ('18', '58');
INSERT INTO GroupMember (Group_idGroup, User_idUser) VALUES ('13', '17');
INSERT INTO GroupMember (Group_idGroup, User_idUser) VALUES ('18', '18');
INSERT INTO GroupMember (Group_idGroup, User_idUser) VALUES ('18', '2');
INSERT INTO GroupMember (Group_idGroup, User_idUser) VALUES ('20', '76');
INSERT INTO GroupMember (Group_idGroup, User_idUser) VALUES ('17', '24');
INSERT INTO GroupMember (Group_idGroup, User_idUser) VALUES ('2', '65');
INSERT INTO GroupMember (Group_idGroup, User_idUser) VALUES ('3', '16');
INSERT INTO GroupMember (Group_idGroup, User_idUser) VALUES ('13', '95');
INSERT INTO GroupMember (Group_idGroup, User_idUser) VALUES ('2', '17');
INSERT INTO GroupMember (Group_idGroup, User_idUser) VALUES ('14', '35');
INSERT INTO GroupMember (Group_idGroup, User_idUser) VALUES ('3', '52');
INSERT INTO GroupMember (Group_idGroup, User_idUser) VALUES ('4', '56');
INSERT INTO GroupMember (Group_idGroup, User_idUser) VALUES ('11', '54');
INSERT INTO GroupMember (Group_idGroup, User_idUser) VALUES ('10', '33');
INSERT INTO GroupMember (Group_idGroup, User_idUser) VALUES ('20', '56');
INSERT INTO GroupMember (Group_idGroup, User_idUser) VALUES ('17', '22');
INSERT INTO GroupMember (Group_idGroup, User_idUser) VALUES ('4', '28');
INSERT INTO GroupMember (Group_idGroup, User_idUser) VALUES ('3', '96');
INSERT INTO GroupMember (Group_idGroup, User_idUser) VALUES ('15', '10');
INSERT INTO GroupMember (Group_idGroup, User_idUser) VALUES ('19', '83');
INSERT INTO GroupMember (Group_idGroup, User_idUser) VALUES ('15', '43');
INSERT INTO GroupMember (Group_idGroup, User_idUser) VALUES ('7', '74');
INSERT INTO GroupMember (Group_idGroup, User_idUser) VALUES ('6', '30');
INSERT INTO GroupMember (Group_idGroup, User_idUser) VALUES ('13', '100');
INSERT INTO GroupMember (Group_idGroup, User_idUser) VALUES ('18', '78');
INSERT INTO GroupMember (Group_idGroup, User_idUser) VALUES ('13', '31');
INSERT INTO GroupMember (Group_idGroup, User_idUser) VALUES ('2', '58');
INSERT INTO GroupMember (Group_idGroup, User_idUser) VALUES ('18', '56');
INSERT INTO GroupMember (Group_idGroup, User_idUser) VALUES ('16', '27');
INSERT INTO GroupMember (Group_idGroup, User_idUser) VALUES ('11', '62');
INSERT INTO GroupMember (Group_idGroup, User_idUser) VALUES ('17', '96');
INSERT INTO GroupMember (Group_idGroup, User_idUser) VALUES ('15', '29');
INSERT INTO GroupMember (Group_idGroup, User_idUser) VALUES ('18', '42');
INSERT INTO GroupMember (Group_idGroup, User_idUser) VALUES ('20', '65');
INSERT INTO GroupMember (Group_idGroup, User_idUser) VALUES ('9', '41');
INSERT INTO GroupMember (Group_idGroup, User_idUser) VALUES ('2', '67');
INSERT INTO GroupMember (Group_idGroup, User_idUser) VALUES ('14', '38');
INSERT INTO GroupMember (Group_idGroup, User_idUser) VALUES ('16', '13');

INSERT INTO Course (idCourse, CourseName) VALUES ('1', 'driver-index');
INSERT INTO Course (idCourse, CourseName) VALUES ('2', 'program-parse');
INSERT INTO Course (idCourse, CourseName) VALUES ('3', 'bus-override');
INSERT INTO Course (idCourse, CourseName) VALUES ('4', 'bus-navigate');
INSERT INTO Course (idCourse, CourseName) VALUES ('5', 'application-copy');

INSERT INTO Module (idModule, ModuleName, Course_idCourse) VALUES ('1', 'SSL', '1');
INSERT INTO Module (idModule, ModuleName, Course_idCourse) VALUES ('2', 'CSS', '1');
INSERT INTO Module (idModule, ModuleName, Course_idCourse) VALUES ('3', 'SMS', '1');
INSERT INTO Module (idModule, ModuleName, Course_idCourse) VALUES ('4', 'XSS', '1');
INSERT INTO Module (idModule, ModuleName, Course_idCourse) VALUES ('5', 'CSS', '1');
INSERT INTO Module (idModule, ModuleName, Course_idCourse) VALUES ('6', 'GB', '1');
INSERT INTO Module (idModule, ModuleName, Course_idCourse) VALUES ('7', 'FTP', '1');
INSERT INTO Module (idModule, ModuleName, Course_idCourse) VALUES ('8', 'USB', '1');

INSERT INTO Mission (idMission, maxPoints, Module_idModule1, MissionName) VALUES ('1', '180', '6', 'neural');
INSERT INTO Mission (idMission, maxPoints, Module_idModule1, MissionName) VALUES ('2', '140', '4', '1080p');
INSERT INTO Mission (idMission, maxPoints, Module_idModule1, MissionName) VALUES ('3', '250', '6', 'online');
INSERT INTO Mission (idMission, maxPoints, Module_idModule1, MissionName) VALUES ('4', '130', '4', 'haptic');
INSERT INTO Mission (idMission, maxPoints, Module_idModule1, MissionName) VALUES ('5', '120', '2', 'neural');
INSERT INTO Mission (idMission, maxPoints, Module_idModule1, MissionName) VALUES ('6', '60', '5', 'wireless');
INSERT INTO Mission (idMission, maxPoints, Module_idModule1, MissionName) VALUES ('7', '90', '3', 'solid state');
INSERT INTO Mission (idMission, maxPoints, Module_idModule1, MissionName) VALUES ('8', '240', '6', 'virtual');
INSERT INTO Mission (idMission, maxPoints, Module_idModule1, MissionName) VALUES ('9', '250', '5', 'back-end');
INSERT INTO Mission (idMission, maxPoints, Module_idModule1, MissionName) VALUES ('10', '230', '6', 'mobile');
INSERT INTO Mission (idMission, maxPoints, Module_idModule1, MissionName) VALUES ('11', '150', '3', 'neural');
INSERT INTO Mission (idMission, maxPoints, Module_idModule1, MissionName) VALUES ('12', '100', '6', 'neural');
INSERT INTO Mission (idMission, maxPoints, Module_idModule1, MissionName) VALUES ('13', '90', '5', 'redundant');
INSERT INTO Mission (idMission, maxPoints, Module_idModule1, MissionName) VALUES ('14', '150', '2', 'neural');
INSERT INTO Mission (idMission, maxPoints, Module_idModule1, MissionName) VALUES ('15', '250', '1', 'optical');
INSERT INTO Mission (idMission, maxPoints, Module_idModule1, MissionName) VALUES ('16', '120', '6', 'primary');
INSERT INTO Mission (idMission, maxPoints, Module_idModule1, MissionName) VALUES ('17', '50', '6', '1080p');
INSERT INTO Mission (idMission, maxPoints, Module_idModule1, MissionName) VALUES ('18', '80', '6', 'primary');
INSERT INTO Mission (idMission, maxPoints, Module_idModule1, MissionName) VALUES ('19', '90', '4', 'optical');
INSERT INTO Mission (idMission, maxPoints, Module_idModule1, MissionName) VALUES ('20', '80', '5', 'online');
INSERT INTO Mission (idMission, maxPoints, Module_idModule1, MissionName) VALUES ('21', '190', '3', 'bluetooth');
INSERT INTO Mission (idMission, maxPoints, Module_idModule1, MissionName) VALUES ('22', '50', '3', 'cross-platform');
INSERT INTO Mission (idMission, maxPoints, Module_idModule1, MissionName) VALUES ('23', '110', '1', 'back-end');
INSERT INTO Mission (idMission, maxPoints, Module_idModule1, MissionName) VALUES ('24', '210', '4', 'optical');
INSERT INTO Mission (idMission, maxPoints, Module_idModule1, MissionName) VALUES ('25', '70', '3', 'haptic');
INSERT INTO Mission (idMission, maxPoints, Module_idModule1, MissionName) VALUES ('26', '120', '2', 'wireless');
INSERT INTO Mission (idMission, maxPoints, Module_idModule1, MissionName) VALUES ('27', '200', '6', '1080p');
INSERT INTO Mission (idMission, maxPoints, Module_idModule1, MissionName) VALUES ('28', '150', '1', 'back-end');
INSERT INTO Mission (idMission, maxPoints, Module_idModule1, MissionName) VALUES ('29', '110', '4', 'multi-byte');
INSERT INTO Mission (idMission, maxPoints, Module_idModule1, MissionName) VALUES ('30', '250', '2', 'wireless');
INSERT INTO Mission (idMission, maxPoints, Module_idModule1, MissionName) VALUES ('31', '180', '6', 'digital');
INSERT INTO Mission (idMission, maxPoints, Module_idModule1, MissionName) VALUES ('32', '90', '1', 'virtual');
INSERT INTO Mission (idMission, maxPoints, Module_idModule1, MissionName) VALUES ('33', '230', '2', 'wireless');
INSERT INTO Mission (idMission, maxPoints, Module_idModule1, MissionName) VALUES ('34', '230', '6', 'multi-byte');
INSERT INTO Mission (idMission, maxPoints, Module_idModule1, MissionName) VALUES ('35', '140', '6', 'neural');
INSERT INTO Mission (idMission, maxPoints, Module_idModule1, MissionName) VALUES ('36', '60', '5', 'online');
INSERT INTO Mission (idMission, maxPoints, Module_idModule1, MissionName) VALUES ('37', '150', '5', 'cross-platform');
INSERT INTO Mission (idMission, maxPoints, Module_idModule1, MissionName) VALUES ('38', '200', '4', 'primary');
INSERT INTO Mission (idMission, maxPoints, Module_idModule1, MissionName) VALUES ('39', '90', '6', 'cross-platform');
INSERT INTO Mission (idMission, maxPoints, Module_idModule1, MissionName) VALUES ('40', '80', '6', '1080p');

INSERT INTO MissionCompleted (Mission_idMission, User_idUser, Points, CompletionTime, startTime) VALUES ('37', '67', '21', '1992-07-03T03:45:02.054', '2096-11-18T03:41:19.825');
INSERT INTO MissionCompleted (Mission_idMission, User_idUser, Points, CompletionTime, startTime) VALUES ('33', '34', '21', '2024-12-15T23:11:30.284', '2050-07-14T07:34:28.826');
INSERT INTO MissionCompleted (Mission_idMission, User_idUser, Points, CompletionTime, startTime) VALUES ('33', '3', '5', '1970-12-28T16:15:30.488', '2049-09-22T11:45:37.754');
INSERT INTO MissionCompleted (Mission_idMission, User_idUser, Points, CompletionTime, startTime) VALUES ('26', '92', '4', '2002-02-18T03:16:38.722', '2076-01-22T16:09:00.434');
INSERT INTO MissionCompleted (Mission_idMission, User_idUser, Points, CompletionTime, startTime) VALUES ('11', '11', '10', '2027-08-30T11:54:55.517', '2091-12-09T10:08:11.067');
INSERT INTO MissionCompleted (Mission_idMission, User_idUser, Points, CompletionTime, startTime) VALUES ('26', '32', '6', '1979-02-06T08:47:34.219', '2035-08-01T11:51:32.389');
INSERT INTO MissionCompleted (Mission_idMission, User_idUser, Points, CompletionTime, startTime) VALUES ('28', '71', '26', '1999-10-22T14:14:01.327', '2042-09-14T13:26:12.399');
INSERT INTO MissionCompleted (Mission_idMission, User_idUser, Points, CompletionTime, startTime) VALUES ('33', '30', '24', '2012-09-14T00:21:37.506', '2034-05-14T04:08:45.185');
INSERT INTO MissionCompleted (Mission_idMission, User_idUser, Points, CompletionTime, startTime) VALUES ('34', '56', '30', '1998-07-24T04:24:49.053', '2087-04-10T00:42:15.897');
INSERT INTO MissionCompleted (Mission_idMission, User_idUser, Points, CompletionTime, startTime) VALUES ('8', '94', '22', '1995-05-29T14:09:44.892', '2097-05-17T09:49:35.479');
INSERT INTO MissionCompleted (Mission_idMission, User_idUser, Points, CompletionTime, startTime) VALUES ('29', '87', '14', '2008-04-03T10:25:08.855', '2071-05-22T15:17:06.233');
INSERT INTO MissionCompleted (Mission_idMission, User_idUser, Points, CompletionTime, startTime) VALUES ('12', '39', '20', '1986-05-09T15:58:20.414', '2088-09-30T01:46:03.131');
INSERT INTO MissionCompleted (Mission_idMission, User_idUser, Points, CompletionTime, startTime) VALUES ('21', '32', '4', '1997-09-12T01:55:58.654', '2040-02-15T19:25:28.871');
INSERT INTO MissionCompleted (Mission_idMission, User_idUser, Points, CompletionTime, startTime) VALUES ('22', '15', '16', '2026-11-08T01:40:19.836', '2074-09-07T04:23:17.622');
INSERT INTO MissionCompleted (Mission_idMission, User_idUser, Points, CompletionTime, startTime) VALUES ('10', '42', '22', '2007-02-01T14:22:15.035', '2080-08-24T10:41:00.289');
INSERT INTO MissionCompleted (Mission_idMission, User_idUser, Points, CompletionTime, startTime) VALUES ('15', '83', '16', '2000-01-15T20:00:41.205', '2036-10-28T20:13:00.633');
INSERT INTO MissionCompleted (Mission_idMission, User_idUser, Points, CompletionTime, startTime) VALUES ('30', '81', '8', '2015-01-14T11:42:42.486', '2059-08-22T02:15:23.118');
INSERT INTO MissionCompleted (Mission_idMission, User_idUser, Points, CompletionTime, startTime) VALUES ('27', '88', '12', '1970-03-29T10:30:18.032', '2089-02-24T11:40:07.474');
INSERT INTO MissionCompleted (Mission_idMission, User_idUser, Points, CompletionTime, startTime) VALUES ('6', '13', '24', '2003-03-25T01:19:02.964', '2091-07-29T23:22:17.304');
INSERT INTO MissionCompleted (Mission_idMission, User_idUser, Points, CompletionTime, startTime) VALUES ('3', '53', '12', '2000-08-22T06:55:53.052', '2079-04-30T18:59:59.140');
INSERT INTO MissionCompleted (Mission_idMission, User_idUser, Points, CompletionTime, startTime) VALUES ('24', '13', '29', '2029-04-24T22:35:43.109', '2049-12-17T17:26:06.110');
INSERT INTO MissionCompleted (Mission_idMission, User_idUser, Points, CompletionTime, startTime) VALUES ('36', '30', '8', '2023-02-19T06:23:54.005', '2047-12-02T01:04:10.962');
INSERT INTO MissionCompleted (Mission_idMission, User_idUser, Points, CompletionTime, startTime) VALUES ('25', '26', '16', '1991-06-19T10:34:51.150', '2073-12-30T12:29:24.133');
INSERT INTO MissionCompleted (Mission_idMission, User_idUser, Points, CompletionTime, startTime) VALUES ('9', '73', '18', '1973-01-07T12:30:30.871', '2044-09-08T15:34:31.833');
INSERT INTO MissionCompleted (Mission_idMission, User_idUser, Points, CompletionTime, startTime) VALUES ('9', '3', '4', '2009-07-27T22:05:08.896', '2072-06-15T17:24:57.725');
INSERT INTO MissionCompleted (Mission_idMission, User_idUser, Points, CompletionTime, startTime) VALUES ('20', '19', '1', '2024-05-07T03:32:08.720', '2090-03-20T20:16:50.108');
INSERT INTO MissionCompleted (Mission_idMission, User_idUser, Points, CompletionTime, startTime) VALUES ('19', '59', '12', '2018-02-05T16:55:44.131', '2083-08-25T15:38:30.599');
INSERT INTO MissionCompleted (Mission_idMission, User_idUser, Points, CompletionTime, startTime) VALUES ('17', '98', '17', '1994-02-25T02:06:47.049', '2032-09-07T13:37:44.004');
INSERT INTO MissionCompleted (Mission_idMission, User_idUser, Points, CompletionTime, startTime) VALUES ('11', '41', '28', '1990-02-16T18:56:15.782', '2041-03-29T21:21:42.355');
INSERT INTO MissionCompleted (Mission_idMission, User_idUser, Points, CompletionTime, startTime) VALUES ('9', '92', '2', '2021-09-30T00:01:49.964', '2050-11-02T22:32:23.274');
INSERT INTO MissionCompleted (Mission_idMission, User_idUser, Points, CompletionTime, startTime) VALUES ('17', '24', '8', '2001-01-16T11:57:30.369', '2078-04-02T07:04:57.252');
INSERT INTO MissionCompleted (Mission_idMission, User_idUser, Points, CompletionTime, startTime) VALUES ('2', '47', '24', '1993-10-02T20:56:03.480', '2094-07-15T08:44:36.439');
INSERT INTO MissionCompleted (Mission_idMission, User_idUser, Points, CompletionTime, startTime) VALUES ('24', '85', '24', '1987-09-07T14:46:25.260', '2098-05-16T02:22:48.025');
INSERT INTO MissionCompleted (Mission_idMission, User_idUser, Points, CompletionTime, startTime) VALUES ('39', '33', '10', '2012-02-13T07:24:02.806', '2064-03-21T04:07:04.757');
INSERT INTO MissionCompleted (Mission_idMission, User_idUser, Points, CompletionTime, startTime) VALUES ('19', '30', '7', '2019-04-01T18:45:19.418', '2035-12-03T17:01:11.063');
INSERT INTO MissionCompleted (Mission_idMission, User_idUser, Points, CompletionTime, startTime) VALUES ('21', '8', '21', '2016-03-20T23:22:51.967', '2055-11-15T12:40:01.412');
INSERT INTO MissionCompleted (Mission_idMission, User_idUser, Points, CompletionTime, startTime) VALUES ('25', '71', '12', '1976-12-16T21:32:23.639', '2058-10-10T00:58:45.120');
INSERT INTO MissionCompleted (Mission_idMission, User_idUser, Points, CompletionTime, startTime) VALUES ('27', '2', '1', '2008-08-23T09:44:24.678', '2051-12-01T10:53:50.217');
INSERT INTO MissionCompleted (Mission_idMission, User_idUser, Points, CompletionTime, startTime) VALUES ('33', '89', '29', '2006-01-14T18:17:20.633', '2082-05-08T08:46:44.432');
INSERT INTO MissionCompleted (Mission_idMission, User_idUser, Points, CompletionTime, startTime) VALUES ('32', '3', '28', '2014-01-25T12:23:21.417', '2071-01-09T14:03:33.532');
INSERT INTO MissionCompleted (Mission_idMission, User_idUser, Points, CompletionTime, startTime) VALUES ('29', '92', '27', '1974-02-04T23:28:58.476', '2051-02-15T07:26:38.856');
INSERT INTO MissionCompleted (Mission_idMission, User_idUser, Points, CompletionTime, startTime) VALUES ('7', '81', '4', '2030-01-18T08:37:56.024', '2053-01-27T17:15:59.035');
INSERT INTO MissionCompleted (Mission_idMission, User_idUser, Points, CompletionTime, startTime) VALUES ('21', '41', '4', '1977-01-26T07:44:07.999', '2098-03-08T15:07:02.743');
INSERT INTO MissionCompleted (Mission_idMission, User_idUser, Points, CompletionTime, startTime) VALUES ('30', '34', '15', '2015-09-25T02:47:27.269', '2064-03-15T04:23:45.254');
INSERT INTO MissionCompleted (Mission_idMission, User_idUser, Points, CompletionTime, startTime) VALUES ('25', '47', '3', '1980-11-24T12:15:27.896', '2036-01-05T01:02:08.701');
INSERT INTO MissionCompleted (Mission_idMission, User_idUser, Points, CompletionTime, startTime) VALUES ('18', '53', '26', '1987-06-17T05:18:31.916', '2046-12-02T22:35:08.797');
INSERT INTO MissionCompleted (Mission_idMission, User_idUser, Points, CompletionTime, startTime) VALUES ('15', '77', '21', '1998-02-26T05:00:25.816', '2058-01-09T09:09:47.206');
INSERT INTO MissionCompleted (Mission_idMission, User_idUser, Points, CompletionTime, startTime) VALUES ('4', '21', '20', '1997-10-15T16:11:10.301', '2064-01-03T20:50:50.045');
INSERT INTO MissionCompleted (Mission_idMission, User_idUser, Points, CompletionTime, startTime) VALUES ('1', '37', '1', '2003-12-13T03:08:48.448', '2081-02-18T15:57:04.310');
INSERT INTO MissionCompleted (Mission_idMission, User_idUser, Points, CompletionTime, startTime) VALUES ('8', '1', '8', '1992-02-24T11:09:03.581', '2064-12-19T19:03:07.780');
INSERT INTO MissionCompleted (Mission_idMission, User_idUser, Points, CompletionTime, startTime) VALUES ('8', '41', '9', '2001-07-02T12:53:18.325', '2051-05-25T11:46:55.995');
INSERT INTO MissionCompleted (Mission_idMission, User_idUser, Points, CompletionTime, startTime) VALUES ('19', '17', '19', '1974-12-31T07:55:17.225', '2074-04-01T10:48:18.129');
INSERT INTO MissionCompleted (Mission_idMission, User_idUser, Points, CompletionTime, startTime) VALUES ('5', '89', '15', '2029-02-02T23:29:59.046', '2055-06-09T01:48:01.907');
INSERT INTO MissionCompleted (Mission_idMission, User_idUser, Points, CompletionTime, startTime) VALUES ('12', '77', '13', '2000-05-19T09:38:14.538', '2050-01-06T13:43:51.414');
INSERT INTO MissionCompleted (Mission_idMission, User_idUser, Points, CompletionTime, startTime) VALUES ('38', '64', '17', '2026-07-03T15:07:41.183', '2080-04-08T07:54:35.819');
INSERT INTO MissionCompleted (Mission_idMission, User_idUser, Points, CompletionTime, startTime) VALUES ('40', '8', '2', '2018-10-06T01:24:27.386', '2082-07-11T13:22:00.601');
INSERT INTO MissionCompleted (Mission_idMission, User_idUser, Points, CompletionTime, startTime) VALUES ('3', '42', '2', '1994-01-09T09:10:08.126', '2064-08-20T11:00:15.471');
INSERT INTO MissionCompleted (Mission_idMission, User_idUser, Points, CompletionTime, startTime) VALUES ('33', '94', '22', '1970-04-02T10:38:51.214', '2045-01-06T16:35:37.035');
INSERT INTO MissionCompleted (Mission_idMission, User_idUser, Points, CompletionTime, startTime) VALUES ('19', '45', '23', '2020-11-28T06:50:53.568', '2094-07-31T23:21:05.020');
INSERT INTO MissionCompleted (Mission_idMission, User_idUser, Points, CompletionTime, startTime) VALUES ('10', '29', '19', '1972-03-05T14:44:23.507', '2068-08-14T06:20:50.598');
INSERT INTO MissionCompleted (Mission_idMission, User_idUser, Points, CompletionTime, startTime) VALUES ('26', '16', '21', '2011-05-30T06:25:39.763', '2094-11-25T00:14:04.281');
INSERT INTO MissionCompleted (Mission_idMission, User_idUser, Points, CompletionTime, startTime) VALUES ('28', '64', '16', '1972-07-30T13:57:55.632', '2094-11-20T03:16:18.242');
INSERT INTO MissionCompleted (Mission_idMission, User_idUser, Points, CompletionTime, startTime) VALUES ('32', '14', '30', '2006-06-24T20:10:48.394', '2037-04-07T02:33:19.774');
INSERT INTO MissionCompleted (Mission_idMission, User_idUser, Points, CompletionTime, startTime) VALUES ('16', '87', '6', '2020-04-18T03:44:30.163', '2089-08-22T14:46:07.659');
INSERT INTO MissionCompleted (Mission_idMission, User_idUser, Points, CompletionTime, startTime) VALUES ('18', '27', '1', '2017-04-22T01:58:53.657', '2038-04-07T20:02:56.427');
INSERT INTO MissionCompleted (Mission_idMission, User_idUser, Points, CompletionTime, startTime) VALUES ('5', '16', '21', '2029-08-06T10:24:18.925', '2088-07-12T08:39:46.829');
INSERT INTO MissionCompleted (Mission_idMission, User_idUser, Points, CompletionTime, startTime) VALUES ('16', '65', '9', '2029-01-20T05:56:16.485', '2069-06-23T21:40:22.923');
INSERT INTO MissionCompleted (Mission_idMission, User_idUser, Points, CompletionTime, startTime) VALUES ('21', '22', '8', '2028-09-01T19:01:45.218', '2035-05-12T07:21:36.378');
INSERT INTO MissionCompleted (Mission_idMission, User_idUser, Points, CompletionTime, startTime) VALUES ('19', '4', '21', '2016-02-29T09:04:49.639', '2055-10-02T15:46:13.934');
INSERT INTO MissionCompleted (Mission_idMission, User_idUser, Points, CompletionTime, startTime) VALUES ('23', '34', '15', '1985-03-12T14:26:58.226', '2039-03-14T12:21:09.564');
INSERT INTO MissionCompleted (Mission_idMission, User_idUser, Points, CompletionTime, startTime) VALUES ('28', '14', '19', '2017-07-12T01:31:39.553', '2065-06-14T10:39:47.678');
INSERT INTO MissionCompleted (Mission_idMission, User_idUser, Points, CompletionTime, startTime) VALUES ('27', '91', '11', '2024-10-09T16:57:15.577', '2046-06-21T03:51:57.386');
INSERT INTO MissionCompleted (Mission_idMission, User_idUser, Points, CompletionTime, startTime) VALUES ('36', '56', '13', '1992-11-12T11:42:25.578', '2034-07-27T18:50:23.027');
INSERT INTO MissionCompleted (Mission_idMission, User_idUser, Points, CompletionTime, startTime) VALUES ('22', '98', '12', '2015-03-12T14:15:00.148', '2033-12-05T03:13:12.829');
INSERT INTO MissionCompleted (Mission_idMission, User_idUser, Points, CompletionTime, startTime) VALUES ('29', '57', '26', '2007-12-09T08:30:56.683', '2043-08-03T05:24:17.134');
INSERT INTO MissionCompleted (Mission_idMission, User_idUser, Points, CompletionTime, startTime) VALUES ('31', '81', '6', '2013-01-03T00:41:27.355', '2092-12-13T06:38:11.127');
INSERT INTO MissionCompleted (Mission_idMission, User_idUser, Points, CompletionTime, startTime) VALUES ('12', '57', '25', '2018-12-17T02:41:28.530', '2063-07-03T19:35:23.331');
INSERT INTO MissionCompleted (Mission_idMission, User_idUser, Points, CompletionTime, startTime) VALUES ('28', '28', '2', '2008-05-04T01:49:26.011', '2035-06-02T14:34:08.652');
INSERT INTO MissionCompleted (Mission_idMission, User_idUser, Points, CompletionTime, startTime) VALUES ('17', '70', '22', '1973-05-05T14:25:43.735', '2095-03-22T20:29:16.442');
INSERT INTO MissionCompleted (Mission_idMission, User_idUser, Points, CompletionTime, startTime) VALUES ('18', '70', '4', '2012-09-20T08:53:59.732', '2094-10-06T15:50:12.176');
INSERT INTO MissionCompleted (Mission_idMission, User_idUser, Points, CompletionTime, startTime) VALUES ('24', '84', '15', '1995-12-06T06:36:17.191', '2074-01-03T17:22:14.919');
INSERT INTO MissionCompleted (Mission_idMission, User_idUser, Points, CompletionTime, startTime) VALUES ('37', '100', '5', '2027-03-14T18:01:06.624', '2076-08-23T02:09:43.218');
INSERT INTO MissionCompleted (Mission_idMission, User_idUser, Points, CompletionTime, startTime) VALUES ('33', '75', '30', '1984-09-04T00:39:10.778', '2049-03-18T21:40:40.818');
INSERT INTO MissionCompleted (Mission_idMission, User_idUser, Points, CompletionTime, startTime) VALUES ('36', '91', '11', '2026-06-02T00:30:25.510', '2049-11-02T11:36:20.394');
INSERT INTO MissionCompleted (Mission_idMission, User_idUser, Points, CompletionTime, startTime) VALUES ('38', '69', '11', '2011-01-25T20:22:54.235', '2081-03-06T06:00:01.622');
INSERT INTO MissionCompleted (Mission_idMission, User_idUser, Points, CompletionTime, startTime) VALUES ('11', '88', '14', '1982-11-23T10:23:11.729', '2081-03-12T03:42:09.669');
INSERT INTO MissionCompleted (Mission_idMission, User_idUser, Points, CompletionTime, startTime) VALUES ('7', '46', '5', '2027-01-06T06:32:22.790', '2038-04-14T15:35:20.301');
INSERT INTO MissionCompleted (Mission_idMission, User_idUser, Points, CompletionTime, startTime) VALUES ('40', '61', '23', '1977-03-17T07:31:19.002', '2097-01-10T21:55:01.029');
INSERT INTO MissionCompleted (Mission_idMission, User_idUser, Points, CompletionTime, startTime) VALUES ('21', '62', '30', '1990-07-07T20:31:34.730', '2091-04-18T00:28:33.458');
INSERT INTO MissionCompleted (Mission_idMission, User_idUser, Points, CompletionTime, startTime) VALUES ('12', '87', '2', '1977-03-04T17:39:14.778', '2056-12-26T20:28:06.141');
INSERT INTO MissionCompleted (Mission_idMission, User_idUser, Points, CompletionTime, startTime) VALUES ('39', '9', '15', '2018-04-19T03:08:11.518', '2037-03-24T01:32:31.985');
INSERT INTO MissionCompleted (Mission_idMission, User_idUser, Points, CompletionTime, startTime) VALUES ('25', '39', '1', '2018-09-21T21:09:13.938', '2098-07-22T16:17:14.155');
INSERT INTO MissionCompleted (Mission_idMission, User_idUser, Points, CompletionTime, startTime) VALUES ('40', '87', '11', '2012-08-26T13:00:24.306', '2086-04-04T00:18:54.870');
INSERT INTO MissionCompleted (Mission_idMission, User_idUser, Points, CompletionTime, startTime) VALUES ('35', '71', '20', '1998-05-18T17:08:27.093', '2059-04-28T20:57:52.713');
INSERT INTO MissionCompleted (Mission_idMission, User_idUser, Points, CompletionTime, startTime) VALUES ('37', '75', '13', '2025-06-24T19:57:07.606', '2057-06-12T12:25:32.950');

